id,init,classified,fda_lag,close_days,year,firm,firm_n,hazard,category,species,cls,n,state,reason
26419,2003-05-02,,,,2003,"DDM Foods, Inc.",Ddm Foods,Mold / spoilage,Supplements,Dog,Class II,4,South Carolina,Swollen and leaking pouches due to poor seals.
26476,2003-05-23,,,,2003,Pet Pantry Internl,Pet Pantry Internl,E. coli / other pathogen,Supplements,Dog,Class II,2,Nevada,Pet food may contain rendered material from a bovine spongiform encephalopathy (BSE) positive cow.
26824,2003-06-27,,,,2003,Ameri-Pac Inc,Ameri-Pac,Labeling / undeclared / unapproved,Treats & chews,Dog & cat,Class II,1,Missouri,Label lacks the cautionary statement 'Do Not Feed to Cattle or Other Ruminants.'
27151,2003-08-21,,,,2003,"The Leathercraft Company,Inc.",Leathercraft,E. coli / other pathogen,Treats & chews,Dog,Class II,3,Pennsylvania,contains microorganism
27756,2003-11-19,,,,2003,"Virbac AH, Inc",Virbac Ah,Chemical / drug residue,Treats & chews,Dog,Class III,3,Texas,"The firm is recalling 4 lots of IVERHART Plus Flavored Chewables due to contamination of Minocycline, a FDA approved human drug which has not been approved in species other than humans."
28225,2004-02-02,,,,2004,Menu Foods Inc,Menu Foods,E. coli / other pathogen,Wet / canned,Cat,Class II,1,New Jersey,LACF Feiline Diet for non-domestic carnivores does not carry the BSE warning statement.
32307,2005-06-08,,,,2005,"T.W. Enterprises, INC.",T W Enterprises,Salmonella,Treats & chews,Dog & cat,Class I,8,Washington,Products contaminated with Salmonella species
34262,2005-12-21,,,,2005,Diamond Pet Foods,Diamond Pet Foods,Aflatoxin / mycotoxin,Dry kibble,Dog & cat,Class I,28,Missouri,Product was found to contain Aflatoxin
34599,2006-02-02,,,713,2006,Royal Canin Usa Inc,Royal Canin,Vitamin D excess,Wet / canned,Dog & cat,Class II,6,MO,The products contain excess levels of Vitamin D3
35210,2006-04-18,,,532,2006,Merrick Pet Care Ltd,Merrick Pet Care,Foreign material,Wet / canned,Dog,Class II,1,TX,Pet food may contain metal tags.
35624,2006-05-23,,,1571,2006,"Simmons Pet Food, Inc.",Simmons Pet Food,Foreign material,Wet / canned,Dog,Class II,15,AR,Inner enamel can lining flaking off into petfood.
37304,2007-02-17,,,356,2007,"Wild Kitty Cat Food, Inc.",Wild Kitty Cat Food,Salmonella,Raw / frozen / freeze-dried,Cat,Class I,3,ME,Cat Food contaminated with Salmonella
37937,2007-03-16,,,1853,2007,Menu Foods Midwest Corp,Menu Foods Midwest,Melamine / cyanuric acid,Wet / canned,Cat,Class I,62,KS,Cuts and Gravy Style wet pet food has been implicated in illness and death of cats.
37611,2007-03-16,,,1859,2007,Menu Foods Midwest Corp,Menu Foods Midwest,Melamine / cyanuric acid,Wet / canned,Dog & cat,Class I,92,KS,Cuts and Gravy style wet pet food has been implicated in illness and death of dogs and cats.
37658,2007-03-23,,,157,2007,"Petra Pet, Inc dba Petrapport",Petra Pet,Salmonella,Treats & chews,Dog,Class I,1,NJ,Pig ear dog treats may be contaminated with Salmonella.
37706,2007-03-30,,,1644,2007,Hills Pet Nutrition Inc,Hills Pet Nutrition,Melamine / cyanuric acid,Other / unspecified,Cat,Class I,1,KS,Product was made using raw material wheat gluten found by FDA to be contaminated with melamine.
37704,2007-03-31,,,2735,2007,Delmonte Foods,Delmonte Foods,Melamine / cyanuric acid,Treats & chews,Dog & cat,Class I,7,PA,wheat gluten used to manufacture products tested positive for melamine by FDA
37736,2007-03-31,,,2735,2007,Delmonte Foods,Delmonte Foods,Melamine / cyanuric acid,Treats & chews,Dog,Class I,4,PA,wheat gluten used to manufacture products tested positive for melamine by FDA
37652,2007-04-02,,,476,2007,"T.W. Enterprises, INC.",T W Enterprises,Salmonella,Treats & chews,Dog,Class I,1,WA,Product contaminated with Salmonella.
37938,2007-04-10,,,1828,2007,Menu Foods Midwest Corp,Menu Foods Midwest,Melamine / cyanuric acid,Wet / canned,Cat,Class I,22,KS,"Prompted by reports from FDA of the presence of melamine in cans of cuts and gravy pet food produced in Menu Foods' Canadian facility, the firm identified a single interplant transfer of the ChemNutra supplied wheat gluten, shipped from its plant in Emporia, KS, to its plant in Streetsville, Ontario. This wheat gluten was subsequently used in the production of pet food in Dec 2006 & Jan 2007."
37791,2007-04-13,,,1669,2007,Natural Balance Pet Food Inc.,Natural Balance Pet Food,Melamine / cyanuric acid,Dry kibble,Dog & cat,Class I,2,CA,Firm''s sample analysis has shown products contain melamine
37840,2007-04-13,,,1666,2007,Natural Balance Pet Food Inc.,Natural Balance Pet Food,Melamine / cyanuric acid,Wet / canned,Dog & cat,Class II,6,CA,Product has been manufactured with rice protein concentrate contaminated with melamine.
38008,2007-04-18,,,245,2007,Lortscher Agri Service Inc,Lortscher Agri Service,Melamine / cyanuric acid,Other / unspecified,Unspecified,Class I,1,KS,The firm received melamine contaminated rice protein concentrate from Wilbur Ellis. The recalled rice protein was used to make a pet food pre-blend which was futher distributed.
37930,2007-04-19,,,396,2007,Royal Canin Usa Inc,Royal Canin,Melamine / cyanuric acid,Dry kibble,Dog & cat,Class III,10,MO,"The pet food was made with rice protein concentrate of Chinese origin found to be contaminated with cyanuric acid, an unapproved food additiive."
37812,2007-04-19,,,302,2007,C J Foods Inc,C J Foods,Melamine / cyanuric acid,Other / unspecified,Cat,Class I,1,KS,"The product was made with an ingredient pre-blend which was made using a rice protein concentrate that has been found by the supplier and FDA to contain melamine, an unapproved food ingredient."
37851,2007-04-26,,,1812,2007,American Nutrition Incorporated,American Nutrition,Melamine / cyanuric acid,Wet / canned,Dog & cat,Class I,14,UT,"Pet food may be contaminated with melamine, which was contained in the imported Rice Protein Concentrate ingredient."
37940,2007-05-02,,,1805,2007,Menu Foods Midwest Corp,Menu Foods Midwest,Melamine / cyanuric acid,Wet / canned,Dog & cat,Class III,190,KS,"Menu Foods is recalling cuts and gravy style and select other products which do not include ChemNutra wheat gluten but were manufactured at any of Menu Foods' plants during the period that ChemNutra wheat gluten was used due to the possibility of cross-contamination. Menu Foods has received a report from a customer and has received study results, both of which indicate cross-contamination."
37935,2007-05-11,,,374,2007,Royal Canin Usa Inc,Royal Canin,Melamine / cyanuric acid,Dry kibble,Dog & cat,Class III,15,MO,"The pet food contains rice protein concentrate of Chinese origin found to be contaminated with cyanuric acid, an unapproved food additiive."
38060,2007-05-11,,,374,2007,Royal Canin Usa Inc,Royal Canin,Melamine / cyanuric acid,Dry kibble,Dog & cat,Class III,6,MO,"The pet food contains rice protein concentrate of Chinese origin found to be contaminated with cyanuric acid, an unapproved food additiive."
38015,2007-05-22,,,1407,2007,Diamond Pet Foods,Diamond Pet Foods,Melamine / cyanuric acid,Dry kibble,Dog,Class I,1,CA,Product is contaminated with melamine
38047,2007-05-25,,,265,2007,Sergeant's Pet Care Products Inc.,Sergeants Pet Care Products,Melamine / cyanuric acid,Other / unspecified,Other,Class III,4,NE,"Finished product tropical fish food was found by the Georgia Dept of Ag and the recalling firm to contain melamine, an unapproved feed additive."
38278,2007-06-06,,,180,2007,Mars Petcare USA,Mars Petcare,Salmonella,Dry kibble,Dog,Class I,1,TN,Pet food may be contaminated with Salmonella.
38110,2007-06-08,,,257,2007,HBH Enterprises,Hbh Enterprises,Melamine / cyanuric acid,Other / unspecified,Other,Class III,7,UT,Shrimp pellets made from recalled melamine containing aquaculture product were used in the manufacture of various ornamental fish foods.
38438,2007-07-21,,,361,2007,Castleberry's Food Company,Castleberrys Food,E. coli / other pathogen,Wet / canned,Dog,Class I,4,GA,This recall was initiated due to possible contamination of these products with Clostridium botulinum.
38895,2007-08-14,,,218,2007,Mars Pet Care Company,Mars Pet Care,Salmonella,Wet / canned,Dog,Class I,2,PA,positive for Salmonella spp. Poly A. Serotype pending
39387,2007-08-24,,,881,2007,Nutra Blend LLC,Nutra Blend,Salmonella,Dry kibble,Unspecified,Class II,4,MO,Some of the raw material dehydrated parsley powder used in the manufacture of the premixes was found to contain salmonella
49447,2008-09-12,,,1497,2008,"MARS Petcare US, Inc.",Mars Petcare,Salmonella,Dry kibble,Dog & cat,Class I,75,TN,finished product samples positive for Salmonella Schwarzengrund
50106,2008-10-24,,,1455,2008,"MARS Petcare US, Inc.",Mars Petcare,Salmonella,Dry kibble,Dog & cat,Class I,24,TN,finished product is positive for Salmonella
51072,2009-01-13,,,314,2009,Peanut Corp Of America,Peanut Of America,Salmonella,Dry kibble,Unspecified,Class II,1,VA,Peanut products are potentially contaminated with Salmonella.
51010,2009-01-20,,,1030,2009,Petsmart Inc,Petsmart,Salmonella,Treats & chews,Dog,Class II,7,AZ,The product was manufactured using peanut butter recalled by Peanut Corporation of America because it has the potential to be contaminated with Salmonella.
51192,2009-01-23,,,1224,2009,"Supervalu, Inc.",Supervalu,Salmonella,Treats & chews,Dog,Class II,2,MN,The product was manufactured using peanut butter recalled by Peanut Corporation of America because it has the potential to be contaminated with Salmonella.
51025,2009-01-26,,,1780,2009,Carolina Prime Pet,Carolina Prime Pet,Salmonella,Treats & chews,Dog,Class II,3,NC,The product was manufactured using peanut butter recalled by Peanut Corporation of America because it has the potential to be contaminated with Salmonella.
51381,2009-02-10,,,1151,2009,American Nutrition Incorporated,American Nutrition,Salmonella,Treats & chews,Dog,Class II,16,UT,Dog treats were made from peanut product being recalled by PCA because of possible Salmonella contamination.
51500,2009-02-13,,,1057,2009,American Health Kennels Inc,American Health Kennels,Salmonella,Treats & chews,Dog,Class II,1,FL,The products were manufactured using peanut butter recalled by Peanut Corporation of America because it has the potential to be contaminated with Salmonella.
51783,2009-02-27,,,816,2009,R & R Distributors,R & R Distributors,Salmonella,Treats & chews,Dog,Class II,1,FL,"Bark Bars products distributed by R&R Distributors, Jacksonville, FL is being recalled because it has the potential to be contaminated with Salmonella. The products were manufactured using peanut butter recalled by Peanut Corporation of America because it has the potential to be contaminated with Salmonella."
51337,2009-03-03,,,80,2009,Alaska Wild Berry Products Inc,Alaska Wild Berry Products,Salmonella,Treats & chews,Dog,Class II,4,AK,The product was manufactured using peanut products recalled by Peanut Corporation of America because it has the potential to be contaminated with Salmonella.
52554,2009-05-19,,,415,2009,"Trouw Nutrition USA, LLC",Trouw Nutrition,Nutrient deficiency / excess,Dry kibble,Cat,Class II,2,IL,The premix has high zinc levels and low potassium levels.
52104,2009-05-21,,,440,2009,"MARS Petcare US, Inc.",Mars Petcare,Nutrient deficiency / excess,Dry kibble,Cat,Class II,10,TN,Product was found to contain excessive Zinc and below specification Potassium
53786,2009-09-04,,,713,2009,TEVA Animal Health Inc,Teva Animal Health,Mold / spoilage,Other / unspecified,Dog & cat,Class II,4,MO,The products were not manufactured in conformance with GMP's
53452,2009-09-23,,,386,2009,Diamond Pet Foods,Diamond Pet Foods,Nutrient deficiency / excess,Dry kibble,Cat,Class I,4,MO,Products were found to be thiamine deficient.
53908,2009-09-29,,,386,2009,Wysong Medical Corp,Wysong Medical,Mold / spoilage,Supplements,Dog,Class III,3,MI,The firm received complaints of mold in dog food products.
55938,2010-06-09,,,833,2010,Procter & Gamble Co,Procter & Gamble,Nutrient deficiency / excess,Wet / canned,Cat,Class I,1,OH,"Diagnostic testing indicated that the product may contain insufficient levels of thiamine (Vitamin B1), which is essential for cats. Cats that were fed these canned products as their only food are at greater risk for developing signs of thiamine deficiency."
56023,2010-06-16,,,532,2010,Tri Ag Supply Inc,Tri Ag Supply,Vitamin D excess,Dry kibble,Dog,Class I,1,IL,"The premixes contain inadequate levels of, and in some instances little or no, Vitamin D3."
56015,2010-06-17,,,202,2010,Natural Balance Pet Food Inc.,Natural Balance Pet Food,Salmonella,Dry kibble,Dog,Class I,1,CA,The recall was initiated because the affected product has the potential to be contaminated with Salmonella.
56042,2010-06-22,,,314,2010,Spectrum Jungle Labs Corporation,Spectrum Jungle Labs,Salmonella,Treats & chews,Dog,Class I,33,TX,Product may contain Salmonella
56140,2010-07-02,,,818,2010,Tejas Industries Inc.,Tejas Industries,Salmonella,Treats & chews,Dog,Class I,1,TX,Pet treats may be contaminated with Salmonella.
56770,2010-08-04,,,230,2010,Tejas Industries Inc.,Tejas Industries,Salmonella,Treats & chews,Dog,Class I,1,TX,Product has the potential to contain Salmonella.
56698,2010-09-03,,,231,2010,Hartz Mountain Corp.,Hartz Mountain,Salmonella,Treats & chews,Dog,Class I,1,NJ,Natural Real Beef Treats for Dogs may have been potentially contaminated with Salmonella.
56928,2010-10-08,,,650,2010,The Blue Buffalo Company,Blue Buffalo,Vitamin D excess,Dry kibble,Dog,Class I,3,CT,Products may contain excessive levels of Vitamin D3
57562,2010-12-28,,,209,2010,"Pet Appeal, Inc.",Pet Appeal,Salmonella,Treats & chews,Dog,Class I,1,OR,Product may be contaminated with Salmonella.
57804,2011-01-28,,,931,2011,Tejas Industries Inc.,Tejas Industries,Salmonella,Treats & chews,Dog,Class I,1,TX,Product has the potential to be contaminated with Salmonella.
58040,2011-02-28,,,518,2011,Wellpet Llc,Wellpet,Nutrient deficiency / excess,Wet / canned,Cat,Class I,12,MA,Cat food subpotent for thiamine (B1)
58117,2011-03-08,,,225,2011,"Jones Natural Chews, Inc.",Jones Natural Chews,Salmonella,Treats & chews,Dog,Class I,1,IL,The pig ear dog chews were found to be contaminated with Salmonella bacteria.
58692,2011-04-29,,,214,2011,"Keys Manufacturing Company, Inc.",Keys Manufacturing,Salmonella,Treats & chews,Unspecified,Class I,1,IL,The Pig Ears for Pet Treats are being recalled due to possible contamination with Salmonella.
58797,2011-05-04,,,817,2011,Blackman Industries Inc,Blackman Industries,Salmonella,Treats & chews,Dog,Class I,1,KS,The product is potentially contaminated with Salmonella
58835,2011-05-05,,,145,2011,Todd's BBI,Todds Bbi,Salmonella,Treats & chews,Dog,Class I,1,IA,The product is potentially contaminated with Salmonella.
58798,2011-05-06,,,682,2011,Boss Pet Products Inc,Boss Pet Products,Salmonella,Treats & chews,Unspecified,Class I,1,OH,The firm initiated at the request of the pet treat manufacturer/supplier who is currently recalling the pet treats due to possible salmonella contamination.
59195,2011-06-27,,,135,2011,Nestle Purina PetCare Co,Nestle Purina PetCare,Salmonella,Supplements,Cat,Class I,2,MO,The product was inadvertently shipped after testing positive for Salmonella
59482,2011-07-29,,,326,2011,Nestle Purina PetCare Co,Nestle Purina PetCare,Salmonella,Dry kibble,Cat,Class I,1,MO,Contaminated with Salmonella.
59679,2011-08-08,,,739,2011,Tejas Industries Inc.,Tejas Industries,Salmonella,Treats & chews,Dog,Class I,1,TX,The product has the potential to be contaminated with Salmonella.
60540,2011-11-22,,,300,2011,Procter & Gamble The Iams Company,Procter & Gamble Iams,Aflatoxin / mycotoxin,Dry kibble,Dog & cat,Class II,5,NC,Product was found contain high levels of Aflatoxin.
60669,2011-12-02,,,412,2011,Cargill Inc Animal Nutrition Division,Cargill Animal Nutrition Division,Aflatoxin / mycotoxin,Dry kibble,Dog,Class I,7,LA,Dog food may have elevated levels of Aflatoxin
60676,2011-12-06,,,134,2011,Hirsch Feed & Farm Supply Inc,Hirsch Feed & Farm Supply,Aflatoxin / mycotoxin,Dry kibble,Dog,Class I,3,MO,Dog food was manufactured with corn that had higher than acceptable Aflatoxin levels
60779,2011-12-07,,,96,2011,Petrus Feed & Seed Stores Inc,Petrus Feed & Seed Stores,Aflatoxin / mycotoxin,Dry kibble,Dog,Class I,1,LA,Dog food was manufactured with corn which had higher than acceptable levels of aflatoxin.
60905,2011-12-19,,,267,2011,"Wixon, Inc.",Wixon,Labeling / undeclared / unapproved,Treats & chews,Dog,Class II,1,WI,"Wixon, Inc is recalling Charlee Bear Dog Treats (Cheese & Egg Flavor), due to reports of an odor associated with a limited number of packages of lot Number 11 HA0909. Product came into contact with a solution used in the packaging cleaning process when the product was packaged by a third party contractor, Apak Inc. An initial toxicology assessment of the affected product revealed no health hazard."
61581,2012-04-05,2012-09-05,153,782,2012,Diamond Pet Foods,Diamond Pet Foods,Salmonella,Dry kibble,Dog,Class I,3,MO,Salmonella contamination.
61748,2012-04-30,2012-08-02,94,675,2012,Central Garden & Pet Company,Central Garden & Pet,Salmonella,Dry kibble,Other,Class I,1,AZ,"Kaytee Pet Products is recalling a single manufacturing batch of Kaytee Forti-Diet Pro Health Mouse, Rat and Hamster due to possible contamination with Salmonella"
61820,2012-05-04,2012-10-19,168,753,2012,Diamond Pet Foods,Diamond Pet Foods,Salmonella,Dry kibble,Dog & cat,Class I,87,MO,Product was found to be contaminated with Salmonella.
61805,2012-05-04,2012-07-17,74,315,2012,Natural Balance Pet Food Inc.,Natural Balance Pet Food,Salmonella,Dry kibble,Dog,Class I,13,CA,The recall was initiated because Natural Balance Pet Foods has confirmed that certain dry pet food formulas manufactured by Diamond Pet Foods may be contaminated with Salmonella.
61806,2012-05-04,2012-08-02,90,1166,2012,Wellpet Llc,Wellpet,Salmonella,Dry kibble,Dog,Class I,1,MA,Product maybe potentially contaminated with salmonella (manufactured by Diamond Pet Foods)
61817,2012-05-08,2012-07-11,64,252,2012,"Solid Gold Hlth Prods For Pets, Inc.",Solid Gold Hlth Prods For Pets,Salmonella,Dry kibble,Dog,Class I,2,CA,Products were produced at the facility that has been linked to recent recalls of Diamond brand pet foods due to potential Salmonella contamination.
61845,2012-05-11,2012-09-05,117,417,2012,Nestle Purina PetCare Co,Nestle Purina PetCare,Nutrient deficiency / excess,Wet / canned,Cat,Class I,1,MO,The product is deficient in thiamine (Vitamin B1)
61897,2012-05-18,2012-08-21,95,397,2012,Diamond Pet Foods,Diamond Pet Foods,Salmonella,Dry kibble,Dog,Class I,1,MO,Contaminated with Salmonella
62922,2012-06-26,2012-09-07,73,73,2012,Breadfarm,Breadfarm,Foreign material,Treats & chews,Dog,Class II,1,WA,The wheat germ used by the firm to make their products was recalled by the wheat germ manufacturer because it was potentially contaminated with metal fragments approximately 0.5mm in diameter and 3-15mm in length. The contamination occurred at the raw ingredient manufacturer.
62469,2012-06-29,2012-08-21,53,346,2012,Mars Petcare USA,Mars Petcare,Foreign material,Wet / canned,Dog,Class I,3,TN,Product is being recalled because it may contain small pieces (2/3 x 2/3 x 2/5) of blue plastic. These pieces may represent a choking hazard to dogs.
63185,2012-08-23,2012-10-02,40,88,2012,Kelly Foods Corporation,Kelly Foods,Mold / spoilage,Dry kibble,Dog,Class II,1,MD,Dry dog food may contain mold.
63137,2012-09-07,2013-01-14,129,741,2012,Breeders Choice Pet Foods Inc,Breeders Choice Pet Foods,Salmonella,Dry kibble,Dog,Class I,1,CA,The firm recalled because the product has the potential to be contaminated with Salmonella.
63240,2012-09-17,2013-06-24,280,673,2012,"Kasel Associates Industries, Inc.",Kasel Associates Industries,Salmonella,Treats & chews,Dog,Class I,4,CO,"Kasel Industries is recalling Boots & Barkley American Beef Bully Sticks, 6 count, due to possible contamination with salmonella bacteria."
63459,2012-10-10,2013-02-05,118,161,2012,TBD Brands,Tbd Brands,Salmonella,Raw / frozen / freeze-dried,Dog,Class I,1,NH,Frozen dog treats recalled due to possible contamination with salmonella due to Sunland Peanut Butter recall
63513,2012-10-12,2013-01-14,94,123,2012,Wildwood Seeds,Wildwood Seeds,Salmonella,Treats & chews,Other,Class I,3,OR,Pet bird food and small animal pet foods are recalled due to a potential to be contaminated with Salmonella.
63745,2012-11-15,2013-05-17,183,531,2012,Carolina Prime Pet,Carolina Prime Pet,Salmonella,Treats & chews,Dog,Class I,1,NC,Product tested positive for Salmonella.
63882,2012-12-07,2013-05-16,160,236,2012,Claudia's Canine Cuisine,Claudias Canine Cuisine,Mold / spoilage,Other / unspecified,Dog,Class III,2,AR,The product has the potential to contain mold.
64064,2013-01-08,2013-06-12,155,316,2013,IMS Trading Corp.,Ims Trading,Chemical / drug residue,Dry kibble,Dog,Class II,4,NJ,NYSDAM Analysis has revealed the presence of unapproved antibiotics in Cadet Gourmet Chicken Breast Pet Treats.
64061,2013-01-09,2013-06-12,154,2291,2013,Del Monte Foods Corp,Del Monte Foods,Chemical / drug residue,Treats & chews,Dog,Class II,2,CA,"On 01/07/2013, New York State's Department of Agriculture informed the U.S. Food and Drug Administration (FDA) and the Company that trace amounts of residual antibiotics had been found in several lots of MiIo's Kitchen Chicken Jerky and Chicken Grillers. After consultation with the New York Department of Agriculture and FDA, the company decided to voluntarily recall Milos Kitchen Chicken Jerky and"
64212,2013-01-25,2013-06-12,138,761,2013,Hartz Mountain Corp.,Hartz Mountain,Chemical / drug residue,Treats & chews,Unspecified,Class II,6,NJ,Pet treats contain unapproved antibiotics
64392,2013-02-19,2013-07-24,155,518,2013,"Kasel Associates Industries, Inc.",Kasel Associates Industries,Salmonella,Treats & chews,Dog,Class I,47,CO,"Kasel Industries received a 423(a), Notification of Opportunity to Initiate a Voluntary Recall, letter from FDA and is recalling all lots of pet treats manufactured at their facility between April 20, 2012 and September 19, 2012 due to positive Salmonella findings in the firm's products and facility."
64549,2013-02-19,2013-07-24,155,451,2013,Central Garden  Pet Company,Central Garden Pet,Salmonella,Treats & chews,Other,Class I,2,AZ,"Kaytee Products is recalling several bird treats and greens items due to possible contamination of Salmonella from parsley flake ingredients supplied to Kaytee by Specialty Commodities, Inc."
64411,2013-02-20,2013-05-17,86,168,2013,"Nutri-Vet, LLC",Nutri-Vet,Salmonella,Treats & chews,Dog,Class I,10,ID,Nutri-Pet Chicken Jerky products are recalled because they may be contaminated with Salmonella.
64433,2013-02-21,2013-07-24,153,238,2013,Honest Kitchen,Honest Kitchen,Salmonella,Dry kibble,Unspecified,Class I,3,CA,"The Honest Kitchen is recalling five lots of its Verve, Zeal and Thrive pet food products because they have the potential to be contaminated with Salmonella."
64445,2013-02-22,2013-03-26,32,461,2013,Hy-Vee Stores Inc,Hy-Vee Stores,Aflatoxin / mycotoxin,Dry kibble,Dog,Class II,5,IA,The recalled products may contain elevated levels of Aflatoxin.
64551,2013-02-27,2013-06-13,106,106,2013,"Diggin Your Dog, LLC",Diggin Your Dog,Salmonella,Supplements,Dog,Class I,1,NV,Colorado Department of Agriculture collected a sample of Diggin Your Dog Brand Strippin Chicks at retail and had a positive result for Salmonella.
64476,2013-02-27,2013-05-17,79,132,2013,United Pet Group Inc,United Pet Group,Salmonella,Supplements,Unspecified,Class I,4,OH,The firm received notification from one of their ingredient suppliers that parsley they purchased may be contaminated with Salmonella.
64582,2013-03-06,2013-07-24,140,1623,2013,"Jones Natural Chews, Co., Inc.",Jones Natural Chews,Salmonella,Treats & chews,Dog,Class I,1,IL,This product is being recalled due to the possible risk of Salmonella.
64539,2013-03-07,2013-08-07,153,537,2013,"Steve's Real Food, Inc.",Steves Real Food,Salmonella,Raw / frozen / freeze-dried,Dog,Class I,1,UT,Steve's Real Food is recalling certain lots of Turducken Canine Recipe due to possible salmonella contamination.
64581,2013-03-09,2013-08-27,171,430,2013,"Schell & Kampeter, Inc.",Schell & Kampeter,Nutrient deficiency / excess,Dry kibble,Cat,Class I,6,MO,Product may contain low thiamine levels (vitamin B1).
64663,2013-03-11,2013-05-03,53,483,2013,Procter & Gamble Co,Procter & Gamble,Mold / spoilage,Other / unspecified,Dog,Class III,1,OH,The firm was notified via consumer complaints that the product contains mold.
64598,2013-03-13,2013-08-27,167,1182,2013,BRAVO! LLC,Bravo,Salmonella,Raw / frozen / freeze-dried,Dog & cat,Class I,3,CT,Product contaminated with Salmonella
64757,2013-03-15,2013-05-21,67,826,2013,Abbott Animal Health,Abbott Animal Health,Labeling / undeclared / unapproved,Other / unspecified,Dog,Class III,1,IL,Canadian labeled Isoflurane was shipped to US customers.
64642,2013-03-18,2016-01-21,1039,1046,2013,"Natura Manufacturing, Inc.",Natura Manufacturing,Salmonella,Dry kibble,Dog & cat,Class I,57,NE,Product is potentially contaminated with Salmonella.
65271,2013-05-01,2013-06-21,51,672,2013,Sogeval Laboratories Inc,Sogeval Laboratories,E. coli / other pathogen,Treats & chews,Dog,Class II,1,FL,Product's recent testing microbial analysis revealed results exceeding that of the upper limit of normal bacterial specifications.
65569,2013-05-23,2013-12-17,208,280,2013,Pet Brands Inc,Pet Brands,Chemical / drug residue,Treats & chews,Dog,Class II,1,OH,The New York State Department of Agriculture & Markets (NYSDAM) found trace amounts of non-approved antibiotic residue in some of the dog treat samples that they tested.
65316,2013-05-24,2013-07-16,53,2279,2013,RI Textile Company,Ri Textile,Chemical / drug residue,Treats & chews,Dog,Class II,1,RI,Pet treats contain trace amount of antibiotics
65475,2013-06-18,2016-01-21,947,954,2013,Natura Pet Products,Natura Pet Products,Salmonella,Dry kibble,Dog & cat,Class I,71,NE,The product may be contaminated with Salmonella.
65847,2013-07-26,2013-12-05,132,880,2013,Steve's Real Foods,Steves Real Foods,Salmonella,Raw / frozen / freeze-dried,Dog,Class I,1,UT,"Steve's Real Food is recalling its ""Chicken Canine Recipe"" due to potential contamination with Salmonelle."
65871,2013-08-02,2013-12-17,137,187,2013,Dogswell Llc,Dogswell,Chemical / drug residue,Supplements,Unspecified,Class III,22,CA,"Dogswell, LLC initiated this recall of certain Dogswell and Catswell pet treats because they have the potential to contain trace amounts of an antibiotic that has not been approved for use in the United States."
66009,2013-08-13,2014-11-04,448,1316,2013,Procter & Gamble Co,Procter & Gamble,Salmonella,Dry kibble,Dog & cat,Class I,29,OH,Product has the potential to be contaminated with Salmonella.
66149,2013-08-30,2014-10-14,410,1153,2013,Nestle Purina PetCare Co,Nestle Purina PetCare,Salmonella,Dry kibble,Dog,Class I,1,MO,The product is being recalled due to contamination with Salmonella.
66429,2013-09-26,2014-02-25,152,264,2013,Bio-Cat Inc,Bio-Cat,Labeling / undeclared / unapproved,Dry kibble,Cat,Class II,2,VA,Raw material enzymes intended for further manufacturing of animal feed may be contaminated with chloramphenicol.
66789,2013-09-27,2013-12-05,69,1124,2013,"BioMatrix, Inc.",Biomatrix,Chemical / drug residue,Supplements,Cat,Class II,1,MN,"BioMatrix International has been notified by their supplier (Bio-Cat,Inc,Troy,VA) of the contamination of an enzyme product with the antibiotic chloramphenicol. The product is used in the production of a low inclusion animal feed supplement for swine ( Pig Enzyme Pack)."
67091,2013-12-11,2014-01-24,44,1521,2013,Abbott Laboratories,Abbott Laboratories,Labeling / undeclared / unapproved,Other / unspecified,Dog,Class II,1,IL,Abbott Animal Health is voluntarily recalling the ten lots of OroCAM (meloxicam) Transmucosal Oral Spray for Dogs due to the possibility that some animals could receive an incorrect dose during administration. A limited number of units from lots FEBU-2 and FEBU-3 were found to contain incorrect pumps.
67366,2014-01-26,2015-08-10,561,631,2014,"Pmi Nutrition, Llc",Pmi Nutrition,Salmonella,Dry kibble,Cat,Class I,1,MN,The firm was notified by the FDA of a positive result for Salmonella.
67417,2014-01-29,2014-03-11,41,187,2014,Sogeval Laboratories Inc,Sogeval Laboratories,Labeling / undeclared / unapproved,Treats & chews,Dog,Class III,1,FL,Consumer complaint of the smell of their Synovial Flex Soft Chews associated with Joint Max Double Strength soft chews that were inadvertently mislabeled as Synovial Flex Soft Chews.
67583,2014-02-04,2016-01-21,716,933,2014,Pro Pet LLC,Pro Pet,Salmonella,Dry kibble,Dog & cat,Class I,5,OH,"During an internal investigation, the firm discovered five additional products that were packaged on the same finishing line as a previous product which tested positive for Salmonella contamination."
67969,2014-04-08,2016-01-22,654,668,2014,The Robert Abady Dog & Cat Food Co  / Nutra-Vet Research Co,Robert Abady Dog & Cat Food / Nutra-Vet Research,Salmonella,Dry kibble,Dog & cat,Class I,1,NY,"The Robert Abady Dog Food Co., LLC of Poughkeepsie, NY, is recalling its 2 lb, 5 lb & 15 lb boxes of ""Abady Highest Quality Maintenance & Growth Formula for Cats"" because they have the potential to be contaminated with Salmonella."
68297,2014-05-14,2015-11-25,560,763,2014,BRAVO! LLC,Bravo,Listeria,Raw / frozen / freeze-dried,Dog & cat,Class I,6,CT,Potential for contamination with Listeria monocytogenes
68403,2014-05-28,2015-11-25,546,574,2014,Pet Center Inc,Pet Center,Salmonella,Treats & chews,Dog,Class I,1,CA,"Pet Center, Inc of Los Angeles, CA. is voluntarily recalling its 3 oz bag of Lamb Crunchy s dog treats (LAM-003) (UPC# 727348200038) with date code 122015 product of USA, because it has the potential to be contaminated with Salmonella."
68413,2014-05-28,2015-01-29,246,247,2014,SUNSHINE MILLS INC,Sunshine Mills,Nutrient deficiency / excess,Dry kibble,Dog,Class I,1,AL,A sample of one lot of product was found to contain levels of thiamine below the FDA recommended limit.
68425,2014-05-30,2015-08-10,437,437,2014,Hill's Pet Nutrition Inc,Hills Pet Nutrition,Salmonella,Dry kibble,Dog,Class I,1,KS,The product may be contaminated with Salmonella.
69811,2014-07-01,2015-12-23,540,721,2014,Westminster Pet Products,Westminster Pet Products,Chemical / drug residue,Treats & chews,Unspecified,Class III,1,RI,Presence of antibiotics (sulfaclozine) in product.
69103,2014-08-21,2014-09-18,28,565,2014,Mars Petcare US,Mars Petcare,Foreign material,Dry kibble,Dog,Class II,1,IL,Mars Petcare US is recalling specific 15 and 55 pound bags of PEDIGREE Adult Complete Nutrition Dry Dog Food because they may contain metal fragments.
69374,2014-09-19,2014-10-16,27,73,2014,Jakks Pacific  Inc,Jakks Pacific,Mold / spoilage,Treats & chews,Unspecified,Class III,2,CA,JAKKS Pacific is recalling Kong Brand Rawhide products because they may be contaminated with mold.
69353,2014-09-25,2016-01-22,484,621,2014,BRAVO! LLC,Bravo,Salmonella,Raw / frozen / freeze-dried,Dog & cat,Class I,1,CT,Product has the potential to be contaminated with Salmonella.
69598,2014-10-01,2014-11-25,55,1015,2014,Loving Pets,Loving Pets,Mold / spoilage,Treats & chews,Dog,Class III,1,NJ,Simply Nourish Beef Biscotti with Sweet Potatoes contain improper bag seals which allow moisture into the packaging.
69843,2014-11-20,2016-01-22,428,442,2014,Mars Petcare USA,Mars Petcare,Nutrient deficiency / excess,Dry kibble,Cat,Class I,1,TN,Batches of cat and ferret food were manufactured with no added vitamins and double the specified minerals.
70508,2015-01-12,2016-02-09,393,723,2015,Pet International Inc.,Pet International,Salmonella,Treats & chews,Unspecified,Class I,1,FL,Samples collected by the Colorado Department of Agriculture and tested in FDA laboratory tested positive for Salmonella
70406,2015-01-30,2016-02-04,370,501,2015,Grill-Phoria LLC,Grill-Phoria,Salmonella,Raw / frozen / freeze-dried,Dog,Class I,1,CO,"Grill-Phoria of Loveland, Colorado is recalling certain Big Bark All Natural Beef Jerky Treats for Dogs due to potential contamination with Salmonella."
70504,2015-02-11,2016-02-04,358,421,2015,"Tuffy's Pet Food, Inc",Tuffys Pet Food,Salmonella,Dry kibble,Dog,Class I,1,MN,Specific lots of Nutrisca Chicken and Chick Pea Recipe Dry Dog Food have the potential to be contaminated with Salmonella.
70734,2015-03-13,2016-02-09,333,340,2015,Primal Pet Foods Inc.,Primal Pet Foods,Nutrient deficiency / excess,Raw / frozen / freeze-dried,Cat,Class I,1,CA,One lot of Feline Turkey Raw Frozen Formula 3 pound bag tested FDA was found to be low in Thiamine.
70996,2015-04-10,2016-01-22,287,355,2015,"TFH Publications, Inc./Nylabone Products",Tfh Publications /Nylabone Products,Salmonella,Treats & chews,Dog,Class I,1,NJ,Nylabone Puppy Starter Kit may be contaminated with Salmonella.
69853,2015-06-03,2015-12-02,182,329,2015,Ainsworth Pet Nutrition,Ainsworth Pet Nutrition,Vitamin D excess,Supplements,Cat,Class I,6,PA,Elevated levels of Vitamin D
71520,2015-06-04,2016-01-22,232,404,2015,"Boulder Dog Food Company, L.L.C.",Boulder Dog Food,Salmonella,Dry kibble,Dog,Class I,2,CO,Boulder Dog Food Company is recalling Chicken Sprinkles with Best by Date of 05/04/2016 because it tested positive for Salmonella.
71506,2015-06-26,2015-11-12,139,641,2015,Kent Pet Group,Kent Pet Group,Nutrient deficiency / excess,Other / unspecified,Unspecified,Class II,3,IA,"Analysis of product indicates it may contain more than the labeled amounts of vitamin A, calcium, and phosphorus."
71648,2015-07-03,2016-08-02,396,770,2015,"Stella & Chewy's, LLC",Stella & Chewys,Listeria,Raw / frozen / freeze-dried,Dog & cat,Class I,4,WI,"Stella & Chewy's is voluntarily recalling some of its products due to concerns of a possible presence of Listeria monocytogenes. The recall was prompted by a positive test confirming Listeria monocytogenes in Chewy's Chicken Freeze-Dried Dinner Patties for Dogs, 15 ounce, Lot #111-15. As a precautionary measure the company is recalling all products from lot # 111-15 including products that could h"
72226,2015-07-10,2016-09-13,431,472,2015,I and Love and You - NatPets LLC,I And Love And You - Natpets,Salmonella,Dry kibble,Unspecified,Class I,1,CO,"Natpet, LLC dba I and Love and You conducts a recall of cow-boom! strips-beef gullet pet treats due to contaminaton with Salmonella."
71703,2015-07-17,2015-09-17,62,594,2015,United Pet Group Div Of Spectrum Brans Inc,United Pet Group Div Of Spectrum Brans,Chemical / drug residue,Dry kibble,Dog,Class III,1,VA,"Product may be contaminated with Amantadine, an antiviral human drug not approved for use in animal food."
71875,2015-07-20,2016-01-22,186,330,2015,"Natural Dog Company, Inc.",Natural Dog,Salmonella,Treats & chews,Dog,Class I,1,CO,The Natural Dog Company is recalling 12 Tremenda Sticks due to potential Salmonella.
71736,2015-07-23,2016-02-09,201,370,2015,BRAVO! LLC,Bravo,Salmonella,Dry kibble,Dog & cat,Class I,4,CT,Product tested positive for Salmonella spp. Poly A
71789,2015-07-24,2016-01-22,182,613,2015,Nature's Variety,Natures Variety,Salmonella,Raw / frozen / freeze-dried,Dog,Class I,2,MO,Product tested positive for Salmonella
71927,2015-08-10,2016-02-04,178,204,2015,Northwest Farm Food Cooperative,Northwest Farm Food Cooperative,Salmonella,Raw / frozen / freeze-dried,Cat,Class I,1,WA,"Frozen Raw ""Cat Food"" is recalled due to contamination with Salmonella."
72092,2015-08-31,2016-06-11,285,347,2015,"Boesl Packing Company, Inc.",Boesl Packing,Salmonella,Raw / frozen / freeze-dried,Dog,Class I,1,MD,"Chicken and Vegetable, K-9, Dog Food (sample # 912272 ) tested positive for Listeria monocytogenes and Salmonella. Chicken and Vegetable, K-9, Dog Food is manufactured by the Boesl Packing Company, Inc., 2322 Belair Rd, Baltimore, Maryland."
72300,2015-09-27,2016-02-10,136,519,2015,oc Raw Dog,Oc Raw Dog,Salmonella,Raw / frozen / freeze-dried,Dog,Class I,1,CA,"OC Raw Dog, LLC is recalling OC Raw Dog Chicken, Fish & Produce Raw Frozen Canine Formulation due to potential Salmonella contamination."
72467,2015-10-16,2016-03-04,140,140,2015,Centinela Pet Supplies,Centinela Pet Supplies,Chemical / drug residue,Treats & chews,Unspecified,Class III,3,CA,Centinela Feed & Pet Supplies is recalling Home Duck Jerky & Duck Treats because they may contain trace amounts of antibiotics.
72743,2015-11-25,2016-06-10,198,201,2015,Blue Buffalo Company,Blue Buffalo,Salmonella,Treats & chews,Unspecified,Class I,1,CT,Cub Size Wilderness Wild Chews Bones may be contaminated with Salmonella.
72744,2015-11-25,2016-03-29,125,455,2015,Cosmos Corp,Cosmos,Mold / spoilage,Treats & chews,Dog,Class III,1,MO,Some bags of product showed evidence of mold.
72833,2015-12-10,2016-06-11,184,1254,2015,BRAVO! LLC,Bravo,Salmonella,Dry kibble,Dog & cat,Class I,2,CT,May be contaminated with Salmonella
72857,2015-12-11,2016-08-02,235,374,2015,Stella and Chewys,Stella And Chewys,Listeria,Raw / frozen / freeze-dried,Dog,Class I,1,WI,"The recall was prompted by a positive test confirming Listeria monocytogenes in Stella's Super Beef Dinner Morsels for Dogs, 8.5 oz. frozen bags, lot #165-15, ""Use by 6-25-2016"", during routine surveillance testing by the Michigan Department of Agriculture and Rural Development."
72987,2016-01-04,2016-10-21,291,605,2016,"Gwenstone, Inc.",Gwenstone,Salmonella,Wet / canned,Dog,Class I,2,NJ,Dog food may be contaminated with Salmonella and Listeria monocytogenes as per FDA sampling and analysis.
73066,2016-01-12,2016-09-28,260,675,2016,"Carnivore Meat Company, LLC",Carnivore Meat,Salmonella,Raw / frozen / freeze-dried,Dog,Class I,1,WI,Carnivore Meat Company is recalling one batch (lot # 11475) of Vital Essentials 6 lb. Frozen Chicken Patties Entree for Dogs because it has the potential to be contaminated with Salmonella.
73463,2016-03-09,2016-08-31,175,630,2016,Nestle Purina PetCare Co,Nestle Purina PetCare,Nutrient deficiency / excess,Wet / canned,Dog,Class II,24,MO,Product may contain less vitamins and minerals than label purports.
73534,2016-03-14,2016-09-20,190,273,2016,"Fromm Family Foods, LLC",Fromm Family Foods,Vitamin D excess,Wet / canned,Dog,Class II,3,WI,Fromm has discovered through its own analysis that the some varieties canned dog foods do not contain recommended levels of vitamins and minerals. These products may contain elevated levels of Vitamin D.
73654,2016-03-25,2016-09-28,187,339,2016,"Smallbatch Pets, Inc.",Smallbatch Pets,Salmonella,Raw / frozen / freeze-dried,Dog,Class I,1,OR,One lot of frozen Duckbatch Sliders for dog food is recalled due to contamination with Salmonella and Listeria monocytogenes.
73687,2016-03-30,2016-09-21,175,280,2016,Xtra Factors,Xtra Factors,Chemical / drug residue,Dry kibble,Dog,Class III,1,KS,Product labeled for canine use is contaminated with monensin.
74256,2016-05-26,2016-09-20,117,263,2016,Blue Buffalo Company,Blue Buffalo,Mold / spoilage,Dry kibble,Dog,Class II,1,CT,Product is contaminated with mold
74518,2016-06-22,2016-09-30,100,162,2016,"Radagast Pet Food, Inc.",Radagast Pet Food,Salmonella,Raw / frozen / freeze-dried,Cat,Class I,2,OR,Frozen Rad Cat Raw Diet Grass-Fed Beef product is recalled due to the potential to be contaminated with Salmonella and/or Listeria monocytogenes.
75116,2016-08-30,2016-09-28,29,70,2016,Addiction Foods Llc,Addiction Foods,Nutrient deficiency / excess,Wet / canned,Dog,Class II,2,WA,New Zealand Venison & Apple Canned Dog Food are recalled due to elevated levels of Vitamin A and slight variance in calcium and phosphorous ratios.
75457,2016-10-17,2016-12-21,65,280,2016,Arrow Reliance Inc,Arrow Reliance,Listeria,Raw / frozen / freeze-dried,Dog,Class I,1,WA,Several meals for dogs are recalled due to contamination with Listeria monocytogenes
75919,2016-12-09,2017-04-17,129,229,2016,blue ridge beef,Blue Ridge Beef,Salmonella,Dry kibble,Dog & cat,Class I,2,GA,Samples collected by FDA revealed the presence of Salmonella and Listeria monocytogenes.
76151,2017-01-03,2017-04-17,104,148,2017,J M Smucker Co,J M Smucker,Nutrient deficiency / excess,Wet / canned,Cat,Class I,10,OH,A limited voluntary recall is being implemented on certain lots of canned cat food due to possible low levels of thiamine (Vitamin B1). This issue was identified upon discovery of incorrect vitamin usage in production.
76403,2017-02-01,2017-05-19,107,378,2017,Simmons Foods Inc,Simmons Foods,Foreign material,Dry kibble,Dog & cat,Class II,20,AR,This recall has been initiated due to receiving a notification of a consumer complaint regarding foreign material in Doctors Fosters and Smith Chicken and Brown Rice Dog Food.
76385,2017-02-03,2017-08-03,181,2498,2017,Evanger's Dog & Cat Food Co,Evangers Dog & Cat Food,Pentobarbital,Dry kibble,Dog & cat,Class I,2,IL,Product is potentially contaminated with the barbiturate pentobarbital.
76616,2017-02-10,2017-05-19,98,143,2017,"WellPet, LLC",Wellpet,Foreign material,Dry kibble,Cat,Class II,5,IN,Product may contain metal fragments.
76755,2017-03-17,2017-04-17,31,245,2017,Wellpet Llc,Wellpet,Thyroid hormone,Wet / canned,Dog,Class I,1,MA,Product contains Elevated Levels of Thyroid Hormones
76706,2017-03-17,2017-04-17,31,174,2017,Blue Buffalo Company Ltd,Blue Buffalo,Thyroid hormone,Wet / canned,Dog,Class I,1,CT,Product may contain elevated levels of thyroid hormones.
76781,2017-03-20,2017-07-18,120,800,2017,Euro Can Manufacturing Inc.,Euro Can Manufacturing,Salmonella,Treats & chews,Unspecified,Class I,1,N/A,Potential to be contaminated with Salmonella.
77118,2017-04-17,2017-09-07,143,143,2017,Party Animal Inc.,Party Animal,Pentobarbital,Wet / canned,Dog,Class I,1,CA,Party Animal is recalling canned dog foods because they tested positive for pentobarbital.
77207,2017-05-03,2017-08-03,92,196,2017,"Smallbatch Pets, Inc.",Smallbatch Pets,Salmonella,Raw / frozen / freeze-dried,Dog & cat,Class I,1,OR,"The Smallbatch brand, frozen chicken blend for dogs and cats, 2 lbs. packages are recall due to the potential to be contaminated with Salmonella."
77441,2017-06-05,2017-07-11,36,242,2017,Spectrum Brands Inc,Spectrum Brands,Mold / spoilage,Treats & chews,Dog,Class II,93,VA,Investigation of complaints of an off odor on the product revealed that the product is potentially contaminated with an equipment sanitizer (quaternary ammonium).
77476,2017-06-07,2017-11-16,162,1281,2017,Loving Pets,Loving Pets,Salmonella,Treats & chews,Unspecified,Class I,7,NJ,"According to Loving Pets Corporation, raw materials received from their supplier was potentially contaminated with salmonella. The Raw materials came with a COA that they were Salmonella Free but testing done by Loving Pets Corporation found salmonella"
78090,2017-09-08,2018-02-26,171,194,2017,"Arrow Reliance, Inc",Arrow Reliance,Salmonella,Raw / frozen / freeze-dried,Cat,Class I,1,WA,Natural Selections Frozen Duck Meals for Cats product is recalled due to a potential contamination with Salmonella.
78676,2017-12-04,2018-03-15,101,119,2017,Arrow Reliance Inc,Arrow Reliance,Salmonella,Dry kibble,Dog,Class I,2,WA,Natural Selections brand Chicken with Organic Vegetables Meals for Dogs is recalled due to Salmonella and Listeria monocytogenes.
78945,2018-01-12,2018-10-22,283,530,2018,JustFoodForDogs,Justfoodfordogs,Listeria,Raw / frozen / freeze-dried,Dog,Class I,3,CA,Consumer complaint initiated testing of dog food was positive for Listeria monocytogenes
79164,2018-02-06,2018-11-01,268,465,2018,Redbarn Pet Products,Redbarn Pet Products,Salmonella,Treats & chews,Dog,Class I,23,CA,A sample collected by the Colorado Department of agriculture was positive for Salmonella.
79173,2018-02-06,2018-06-29,143,149,2018,Smokehouse Pet Products,Smokehouse Pet Products,Salmonella,Treats & chews,Dog,Class I,1,CA,Colorado Department of Agriculture sampled Beefy Munchies at retail and had a positive result for Salmonella
79188,2018-02-10,2018-03-15,33,51,2018,Arrow Reliance Inc,Arrow Reliance,Salmonella,Dry kibble,Dog,Class I,2,WA,ZooLogics Chicken Meals for Dogs is recalled due to the potential for contamination with Salmonella.
79291,2018-02-12,2018-03-14,30,1029,2018,"The J.M. Smucker Company, Inc.",J M Smucker,Pentobarbital,Wet / canned,Dog,Class III,12,OH,"A TV station notified the firm and stated that certain varieties of their canned pet food products may contain Pentobarbital in low levels. The firm performed a safety assessment and concluded that no threat to pet safety was present. The firm agreed to conduct a product withdrawal, but the FDA considered this to be a recall once data indicated that the tallow was contaminated with pentobarbital."
79323,2018-02-21,2018-11-01,253,259,2018,Northwest Naturals Inc,Northwest Naturals,Listeria,Raw / frozen / freeze-dried,Dog,Class I,1,OR,"Raw Diet for Dogs Chicken & Salmon Recipe, frozen, is recalled due to a potential for contamination with Listeria monocytogenes."
80013,2018-02-23,2018-11-01,251,791,2018,"TRUPET, LLC",Trupet,Salmonella,Raw / frozen / freeze-dried,Dog,Class I,1,OH,Pet food has the potential to be contaminated with Salmonella.
79330,2018-02-23,2018-11-01,251,297,2018,"Carnivore Meat Company, LLC",Carnivore Meat,Salmonella,Raw / frozen / freeze-dried,Unspecified,Class I,1,WI,Pet food has the potential to be contaminated with Salmonella.
79388,2018-02-28,2018-04-11,42,2850,2018,Environmental Trade INC,Environmental Trade,Salmonella,Raw / frozen / freeze-dried,Cat,Class I,2,GA,"May be contaminated with Listeria monocytogenes and Salmonella, as revealed by FDA sample analysis."
79414,2018-03-02,2018-10-23,235,237,2018,STEVE'S REAL FOOD FOR PETS,Steves Real Food For Pets,Salmonella,Raw / frozen / freeze-dried,Dog,Class I,1,UT,"One lot of Raw Frozen Dog Food Turkey Canine Recipe, 5 lb. packages, is recalled due to potential to be contaminated with Salmonella."
79434,2018-03-06,2018-05-02,57,482,2018,"Raw Basics, LLC",Raw Basics,Salmonella,Raw / frozen / freeze-dried,Dog,Class I,1,WI,Product has the potential to be contaminated with Salmonella.
79586,2018-03-20,2018-05-02,43,92,2018,"Radagast Pet Food, Inc.",Radagast Pet Food,Listeria,Raw / frozen / freeze-dried,Cat,Class I,1,OR,Rad Cat Raw Diet Free-Range Chicken is recalled because they have the potential to be contaminated with Listeria monocytogenes.
79596,2018-03-22,2018-05-02,41,840,2018,"The J.M. Smucker Company, Inc.",J M Smucker,Thyroid hormone,Treats & chews,Dog,Class I,2,OH,"The firm was notified that the product contains harmful, elevated levels of beef thyroid hormone."
79623,2018-03-26,2018-06-05,71,71,2018,Arrow Reliance Inc,Arrow Reliance,Salmonella,Dry kibble,Dog,Class I,2,WA,Natural Selections Chicken Meals for Dogs and ZooLogics Chicken with Organic Vegetables Meals for Dogs are recalled due to potential to be contaminated with Salmonella.
79827,2018-04-03,2018-07-26,114,758,2018,"TRUPET, LLC",Trupet,Salmonella,Raw / frozen / freeze-dried,Dog,Class I,1,OH,"TruDog Boost Me, Freeze-Dried Raw Super Boost for Dogs, Lot 20190531 13815 has the potential to be contaminated with Salmonella."
79897,2018-04-16,2018-06-28,73,247,2018,"Carnivore Meat Company, LLC",Carnivore Meat,Salmonella,Raw / frozen / freeze-dried,Dog & cat,Class I,2,WI,Raw dog food may have the potential to be contaminated with Salmonella
79913,2018-04-20,2018-08-29,131,235,2018,"OC Raw Dog, LLC",Oc Raw Dog,E. coli / other pathogen,Raw / frozen / freeze-dried,Dog,Class I,1,CA,Potential C. bot. contamination due to fish being un-eviscerated and greater than 5 inches.
79914,2018-04-20,2018-07-26,97,234,2018,"OC Raw Dog, LLC",Oc Raw Dog,Listeria,Raw / frozen / freeze-dried,Dog,Class I,4,CA,Potential Listeria monocytogenes contamination.
80273,2018-06-12,2019-02-22,255,255,2018,Dave'S Soda And Pet City,Daves Soda And Pet City,Thyroid hormone,Wet / canned,Dog,Class II,1,MA,Product contains elevated levels of thyroid hormones.
80455,2018-07-06,2018-08-10,35,76,2018,Radagast Pet Food Inc.,Radagast Pet Food,Listeria,Raw / frozen / freeze-dried,Cat,Class I,2,OR,Rad Cat Raw Diet Free-Range Chicken Recipe is recalled because it has the potential to be contaminated with Listeria monocytogenes.
80683,2018-07-30,2018-12-20,143,508,2018,"G & C Raw, LLC",G & C Raw,Listeria,Dry kibble,Dog & cat,Class I,29,OH,positive for Listeria monocytogenes
80859,2018-08-21,2018-10-22,62,91,2018,Radagast Pet Food Inc,Radagast Pet Food,Listeria,Raw / frozen / freeze-dried,Cat,Class I,5,OR,"Radagast Pet Food, Inc. of Portland, OR is expanding its voluntary recall to include an additional quantity of Rad Cat Raw Diet across all varieties with the Best By dates of 10/19/18 through 12/3/19 because it has the potential to be contaminated with Listeria monocytogenes."
80942,2018-08-31,2018-11-01,62,164,2018,"Bravo Packing, Inc.",Bravo Packing,Salmonella,Raw / frozen / freeze-dried,Dog,Class I,1,NJ,Potential for Salmonella contamination
80983,2018-09-07,2018-10-22,45,719,2018,STEVE'S REAL FOOD FOR PETS,Steves Real Food For Pets,Salmonella,Dry kibble,Dog & cat,Class I,3,UT,"Steves Real Food is voluntarily recalling one lot of 5lb Turducken Recipe, one lot of Quest Emu Diet, and one lot of Quest Beef Diet, due to their potential to be contaminated with Salmonella and/or Listeria."
81499,2018-11-02,2019-02-14,104,158,2018,Whitebridge Pet Brands Llc,Whitebridge Pet Brands,Vitamin D excess,Dry kibble,Dog,Class I,2,MO,Dry dog food may have high levels of vitamin D.
81543,2018-11-06,2019-10-05,333,801,2018,Lidl US TRADING,Lidl Trading,Vitamin D excess,Dry kibble,Dog,Class I,1,VA,"Lidl US, LLC has initiated a recall because their supplier notified them of elevated Vitamin D in the following products Nutrisca Life and Chicken pea Dry Dog Food and Natural Life Chicken and Potato Dry Dog Food ."
81526,2018-11-06,2019-08-07,274,762,2018,Elm Pet Foods,Elm Pet Foods,Vitamin D excess,Dry kibble,Dog,Class I,2,DE,"ELM Pet Foods, Inc. is issuing a voluntary recall of Elm Chicken and Chickpea Recipe dog food because the products contain elevated levels of Vitamin D."
81617,2018-11-19,2019-04-03,135,606,2018,SUNSHINE MILLS INC,Sunshine Mills,Vitamin D excess,Dry kibble,Dog,Class I,6,AL,Possible elevated levels of Vitamin D.
81654,2018-11-20,2019-10-05,319,360,2018,Anf Pet Inc,Anf Pet,Vitamin D excess,Dry kibble,Dog,Class I,2,CA,Firm was notified by contact manufacturer of potential high levels of Vitamin D due to formulation error in concentration of vitamin D.
81713,2018-12-04,2019-10-05,305,305,2018,Columbia River Natural Pet Foods Inc,Columbia River Natural Pet Foods,Salmonella,Raw / frozen / freeze-dried,Dog & cat,Class I,2,WA,Cow Pie Fresh Frozen Meats Whole Food Nutrition for Dogs and Cats product ( lot 81917) is recalled due to contamination with Listeria monocytogenes. Cow Pie Fresh Frozen Meats Whole Food Nutrition for Dogs and Cats product ( lot 72618) is recalled due to contamination with Listeria monocytogenes and Salmonella.
81739,2018-12-10,2019-05-16,157,171,2018,OMAHA STEAKS,Omaha Steaks,Foreign material,Treats & chews,Dog,Class II,1,NE,Beef bone dog chews being recalled because they may splinter and injure dogs
81822,2018-12-18,2019-06-26,190,577,2018,SUNSHINE MILLS INC,Sunshine Mills,Vitamin D excess,Dry kibble,Dog,Class II,1,AL,Possible elevated levels of vitamin D.
82087,2019-01-30,2019-10-05,248,1049,2019,"DSM Nutritional Products, Inc.",Dsm Nutritional Products,Vitamin D excess,Supplements,Dog,Class I,1,NJ,DSM Nutritional Products has initiated a recall of DSM vitamin premix because elevated levels of Vitamin D.
82018,2019-01-30,2019-10-05,248,1056,2019,Hill's Pet Nutrition Inc,Hills Pet Nutrition,Vitamin D excess,Wet / canned,Dog,Class I,27,KS,Product may contain elevated levels of vitamin D
82268,2019-02-07,2019-05-02,84,235,2019,Arrow Reliance Inc dba Darwin's Natural Pet Products,Arrow Reliance,Salmonella,Raw / frozen / freeze-dried,Dog,Class I,1,WA,Natural Selections Chicken and Vegetable Meals for Dogs are recalled due to a potential contamination with Salmonella.
82279,2019-02-20,2019-05-30,99,121,2019,"Farnam Companies Inc., dba Central Life Sciences",Farnam Companies,E. coli / other pathogen,Other / unspecified,Other,Class III,1,AZ,Product has the potential to be contaminated with E. coli.
82482,2019-03-29,2019-07-22,115,118,2019,Nestle Purina PetCare Co,Nestle Purina PetCare,Foreign material,Wet / canned,Cat,Class II,1,MO,Product is contaminated with foreign objects which are a potential choking hazard.
82895,2019-05-20,2020-01-23,248,606,2019,"G & C Raw, LLC",G & C Raw,Listeria,Raw / frozen / freeze-dried,Dog,Class I,2,OH,Possible presence of Listeria monocytogenes.
83261,2019-06-25,2019-10-05,102,321,2019,Pet Supplies Plus,Pet Supplies Plus,Salmonella,Treats & chews,Unspecified,Class I,1,MI,Bulk pig ear products supplied to all locations by several different vendors are being recalled due to the potential of Salmonella contamination
83272,2019-07-03,2020-01-23,204,274,2019,Texas Tripe,Texas Tripe,Salmonella,Raw / frozen / freeze-dried,Dog,Class I,23,TX,Listeria monocytogenes and Salmonella detected in raw frozen pet food.
83404,2019-07-21,2019-10-05,76,563,2019,The Lennox Intl,Lennox Intl,Salmonella,Treats & chews,Unspecified,Class I,1,NJ,"The Lennox Intl Inc, 930 New Durham Rd, Edison NJ 08817 USA has initiated a recall of Pig Ears because of Salmonella contamination. Product with UPC, may or may not be branded: 038538484108 Exp Nov 2021 (individually shrink-wrapped) 742174994166 Exp Nov 2021 (Branded 8-pack) 742174995163 Exp Nov 2021 (Branded 8-pack) 742174935107 (individually shrink-wrapped) Bulk unwrapped product with no UPC, ma"
83405,2019-07-22,2020-01-23,185,185,2019,"Boesl Packing Company, Inc.",Boesl Packing,Listeria,Raw / frozen / freeze-dried,Dog,Class I,1,MD,Raw pet food tested positive for Listeria monocytogenes.
83458,2019-07-29,2020-01-23,178,178,2019,Raw Advantage,Raw Advantage,Salmonella,Raw / frozen / freeze-dried,Dog,Class I,1,WA,Frozen Chicken Dinner for Dogs product is recalled due to a potential for contamination with Salmonella.
83570,2019-08-16,2019-10-29,74,,2019,Dog Goods USA,Dog Goods,Salmonella,Treats & chews,Dog,Class I,2,PA,"Non-irradiated, bulk and packaged ""Chef Toby Pig Ears"" are being recalled due to potential Salmonella contamination. The U.S. Food and Drug Administration (""FDA""), together with the Centers for Disease Control and Prevention (""CDC"") and State partners, is investigating a link between pig ear pet treats and human cases of salmonellosis. Dog Goods USA LLC (""Dog Goods""), a distributor of Tobyhanna, P"
83589,2019-08-17,2019-11-08,83,,2019,"TDBBS, LLC.",Tdbbs,Salmonella,Treats & chews,Unspecified,Class I,1,VA,The products are being recalled due to potential Salmonella contamination.
83630,2019-08-22,2019-11-08,78,225,2019,"Brutus and Barnaby, LLC",Brutus And Barnaby,Salmonella,Treats & chews,Dog,Class I,1,FL,Brutus & Barnaby Pig Ears product sampled by Michigan Department of Agriculture resulted positive for Salmonella.
83683,2019-08-26,2020-01-23,150,1037,2019,"Bravo Packing, Inc.",Bravo Packing,Salmonella,Raw / frozen / freeze-dried,Dog,Class I,1,NJ,"Bravo Packing is recalling approximately 8,000 pounds (200 boxes) of ""Performance Dog"" frozen raw dog food, lot code ""072219"" because of the potential for the product to be contaminated with Salmonella spp. and Listeria monocytogenes. The product is packaged in 2-lb bags, 20 bags to a box. The boxes are labeled with lot codes, but the individual bags are not."
83713,2019-08-30,2020-01-23,146,147,2019,Woody's Pet Food Deli,Woodys Pet Food Deli,Salmonella,Raw / frozen / freeze-dried,Dog & cat,Class I,1,MN,Product was found to be contaminated with Salmonella
83755,2019-09-09,2019-11-12,64,169,2019,Big Dan's Trucking Inc.,Big Dans Trucking,Salmonella,Raw / frozen / freeze-dried,Unspecified,Class I,1,MN,Raw Ground Beef pet food was found positive for Salmonella.
83998,2019-10-11,2020-01-23,104,189,2019,"Hollywood Feed, LLC",Hollywood Feed,Salmonella,Treats & chews,Unspecified,Class I,1,TN,The product is being recalled due to potential Salmonella contamination.
84354,2019-11-07,2019-12-19,42,1154,2019,"Washington Homeopathic Products, Inc.",Washington Homeopathic Products,Mold / spoilage,Other / unspecified,Cat,Class II,2,WV,CGMP Deviations: products were not manufactured under current good manufacturing practices.
84267,2019-11-08,2020-01-23,76,898,2019,"Go Raw, LLC DBA Steve's Real Food",Go Raw,Salmonella,Raw / frozen / freeze-dried,Cat,Class I,1,UT,"One lot of Quest Cat Food Prey Model Beef Diet, 2 lb. bags, is being voluntarily recalled due to its potential to be contaminated with Salmonella."
85945,2020-06-18,2020-07-17,29,439,2020,MICHIGAN HERBAL REMEDIES,Michigan Herbal Remedies,Chemical / drug residue,Supplements,Dog & cat,Class I,13,MI,High levels of lead
86321,2020-08-24,2020-09-14,21,231,2020,SUNSHINE MILLS INC,Sunshine Mills,Salmonella,Dry kibble,Dog,Class I,1,AL,Potential contamination with Salmonella.
86357,2020-08-31,2020-09-23,23,224,2020,SUNSHINE MILLS INC,Sunshine Mills,Aflatoxin / mycotoxin,Dry kibble,Dog,Class I,3,AL,Potential for elevated levels of aflatoxin in the product.
86569,2020-10-07,2020-10-21,14,187,2020,SUNSHINE MILLS INC,Sunshine Mills,Aflatoxin / mycotoxin,Dry kibble,Dog,Class I,16,AL,Potential for elevated levels of aflatoxin in the product.
86616,2020-10-14,2020-10-28,14,98,2020,"Stella & Chewy's, LLC",Stella & Chewys,Salmonella,Raw / frozen / freeze-dried,Dog,Class I,1,WI,Dog food has the potential to be contaminated with Salmonella.
86625,2020-10-20,2020-11-23,34,52,2020,Grassland Beef,Grassland Beef,E. coli / other pathogen,Dry kibble,Unspecified,Class I,2,MO,Raw pet food may have contained an ingredient which tested positive for E. coli O157:H7
86729,2020-11-07,2020-11-23,16,53,2020,Cargill Meat Solutions Corp,Cargill Meat Solutions,Foreign material,Raw / frozen / freeze-dried,Dog,Class II,1,MN,Frozen Dog Food may contain plastic pieces
86870,2020-11-11,2020-12-17,36,506,2020,Petsmart Inc,Petsmart,Aflatoxin / mycotoxin,Dry kibble,Cat,Class II,2,AZ,Product samples contain elevated levels of the mycotoxin Zearalenone.
86747,2020-11-13,2020-12-02,19,32,2020,ALBRIGHTS RAW DOG FOOD,Albrights Raw Dog Food,Salmonella,Raw / frozen / freeze-dried,Dog,Class I,1,IN,Product tested positive for Salmonella.
86854,2020-11-20,2020-12-18,28,320,2020,"TDBBS, LLC.",Tdbbs,Salmonella,Treats & chews,Unspecified,Class I,2,VA,"TDBBS, LLC 5701 Eastport Boulevard Richmond, VA 23231 is initiating a recall of the following products, TDBBS ""12 Bully Sticks: 8 oz. ( Standard , Amazon.com), 12-pack ( Jumbo , BestBullySticks.com), 8- pack ( Jumbo , Chewy.com) "" Natural Cow Ears: 12-pack (Chewy.com) , Poly (plastic) bag . TDBBS, LLC ships 12 Jumbo Bully Stick 12-pack from BestBullySticks.com in individual bags, 12 Jumbo Bully St"
87068,2020-12-30,2021-02-08,40,299,2020,Midwestern Pet Foods Chickasha Operation,Midwestern Pet Foods Chickasha Operation,Aflatoxin / mycotoxin,Dry kibble,Dog & cat,Class I,13,OK,Elevated levels of aflatoxin
87408,2021-02-26,2021-03-19,21,358,2021,"Bravo Packing, Inc.",Bravo Packing,Salmonella,Raw / frozen / freeze-dried,Dog,Class I,2,NJ,Possible Listeria monocytogenes and Salmonella spp. contamination in frozen dog food
87420,2021-02-26,2021-03-18,20,63,2021,Visionary Pet Food,Visionary Pet Food,Salmonella,Raw / frozen / freeze-dried,Unspecified,Class I,1,CA,Testing by Virginia Department of Agriculture found Salmonella and Listeria monocytogenes in the product.
87534,2021-03-15,2021-04-29,45,344,2021,"Bravo Packing, Inc.",Bravo Packing,Salmonella,Raw / frozen / freeze-dried,Dog,Class I,4,NJ,Possible Listeria monocytogenes and Salmonella spp. contamination in frozen dog food and bones
87553,2021-03-17,2021-04-06,20,91,2021,"Cargill, Inc         Corporate Headquarters",Cargill Corporate Headquarters,Salmonella,Dry kibble,Dog,Class I,1,MN,Dog food product tested positive for Salmonella
87625,2021-03-26,2021-04-20,25,306,2021,MIdwestern Pet Foods Inc.,Midwestern Pet Foods,Salmonella,Dry kibble,Dog & cat,Class I,1,IL,Product potentially contaminated with Salmonella spp.
87691,2021-04-08,2021-04-27,19,54,2021,"The J.M. Smucker Company, Inc.",J M Smucker,Salmonella,Dry kibble,Cat,Class I,1,OH,Presumptive positive for Salmonella placed on hold was inadvertently released.
87892,2021-04-30,2021-06-11,42,156,2021,Tejas Industries - Amarillo Distribution,Tejas Industries - Amarillo Distribution,Mold / spoilage,Treats & chews,Dog,Class II,7,TX,Pet treat products show presence of mold.
87979,2021-05-19,2021-06-07,19,48,2021,"Natural Balance Pet Foods, Inc.",Natural Balance Pet Foods,Salmonella,Dry kibble,Cat,Class I,1,CA,Product tested by the Minnesota Department of Agriculture found Salmonella 21:y:in Limited Ingredient Died Green Pea and Chicken Cat Food.
88031,2021-06-01,2021-06-21,20,854,2021,"Sunshine Mills, Inc.",Sunshine Mills,Salmonella,Dry kibble,Dog,Class I,4,MS,Positive Salmonella Sampling
88063,2021-06-09,2021-06-24,15,344,2021,"True Pet Food Project, Inc dba Smalls",True Pet Food Project,Mold / spoilage,Dry kibble,Cat,Class II,4,NY,Cat food has off odor and color
88102,2021-06-10,2021-07-01,21,267,2021,Freshpet Inc.,Freshpet,Salmonella,Dry kibble,Dog,Class I,1,PA,Possible salmonella contamination.
88248,2021-07-08,2022-02-11,218,218,2021,NomNomNow Inc.,Nomnomnow,Listeria,Dry kibble,Cat,Class I,1,TN,Downstream Recall. Potential L. mono contamination due to ingredient used.
88269,2021-07-14,2021-09-08,56,138,2021,Nestle Purina PetCare Co,Nestle Purina PetCare,Foreign material,Other / unspecified,Cat,Class II,1,MO,Canned cat food may contain foreign black rubber material
88479,2021-08-10,2021-09-15,36,146,2021,WET NOSES NATURAL DOG TREATS,Wet Noses Natural Dog Treats,Vitamin D excess,Raw / frozen / freeze-dried,Dog,Class I,4,WA,Elevated levels of Vitamin D.
88544,2021-08-19,2022-02-08,173,1084,2021,"Top Quality Dog Food, LLC",Top Quality Dog Food,Salmonella,Raw / frozen / freeze-dried,Dog,Class I,2,MD,"Top Quality Dog Food, LLC. 3630 East St. Hyattsville, MD 20785 has initiated a recall of Top Quality Dog Food, Beef HVM, 1 lb. pkgs in film casings, 1 package is 1 lb, Lot Number: 071521 Expiration Date: 07/15/2022 because product tested positive for Salmonella, Listeria Monocytogenes ."
88774,2021-09-27,2021-11-02,36,46,2021,WET NOSES NATURAL DOG TREATS,Wet Noses Natural Dog Treats,Vitamin D excess,Supplements,Dog,Class III,1,WA,pH level exceeded low acid level guidelines.
88786,2021-09-29,2021-11-26,58,181,2021,"Fromm Family Foods, LLC",Fromm Family Foods,Vitamin D excess,Wet / canned,Dog,Class I,3,WI,Dog food may contain elevated levels of Vitamin D.
88842,2021-10-08,2021-11-05,28,118,2021,"Tuffy's Pet Foods, Inc.",Tuffys Pet Foods,Vitamin D excess,Wet / canned,Dog,Class II,1,MN,Dog food may contain elevated levels of Vitamin D.
89105,2021-12-01,2021-12-16,15,149,2021,Livia Global,Livia Global,E. coli / other pathogen,Supplements,Dog & cat,Class II,2,CA,Probiotic products contaminated with Pseudomonas aeruginosa
89217,2021-12-10,2022-01-11,32,34,2021,Pet Brands Products LLC,Pet Brands Products,Foreign material,Treats & chews,Dog & cat,Class I,1,OH,Potential choking hazard
89302,2021-12-23,2022-01-13,21,,2021,Agila Corporation,Agila,Salmonella,Raw / frozen / freeze-dried,Unspecified,Class I,1,MN,Salmonella contamination.
89627,2022-02-18,2022-04-05,46,857,2022,"Dollar Tree Distribution, Inc.",Dollar Tree Distribution,Mold / spoilage,Treats & chews,Unspecified,Class II,1,VA,Potential exposure to rodents and rodent activity in the distribution center.
95076,2022-05-27,2024-08-15,811,811,2022,"Predator Pet, Inc.",Predator Pet,Listeria,Raw / frozen / freeze-dried,Cat,Class II,1,CA,Product tested positive for L. mono.
90404,2022-07-05,2022-08-03,29,657,2022,"Wedgewood Village Pharmacy, LLC",Wedgewood Village Pharmacy,Mold / spoilage,Treats & chews,Unspecified,Class II,4,NJ,Insanitary conditions.
90570,2022-07-06,2022-08-23,48,205,2022,Primal Pet Foods Inc.,Primal Pet Foods,Listeria,Raw / frozen / freeze-dried,Dog,Class I,1,CA,Potential Listeria monocytogenes contamination.
90584,2022-07-08,2022-08-23,46,,2022,Stormberg Foods LLC,Stormberg Foods,Salmonella,Treats & chews,Dog,Class I,1,NC,The firm was notified by the NCDA & CS that they received positive test results for Salmonella in various dog treats.
90832,2022-09-06,2022-10-14,38,150,2022,"BREUER PREMIUM PET FOOD CO, INC",Breuer Premium Pet Food,Salmonella,Dry kibble,Dog,Class I,1,NY,Contaminated with Salmonella
91233,2022-11-30,2022-12-19,19,61,2022,Nestle Purina PetCare Co,Nestle Purina PetCare,Labeling / undeclared / unapproved,Wet / canned,Dog,Class II,1,MO,Cans of a complete adult wet dog food are mislabeled as a prescription diet low fat wet dog food.
91342,2022-12-15,2023-01-08,24,39,2022,Texas Farm Products Company dba TFP Nutrition,Texas Farm Products,Salmonella,Dry kibble,Cat,Class I,1,TX,Potential Salmonella contamination of dry cat food
91393,2022-12-22,2023-01-08,17,96,2022,"Wegmans Food Markets, Inc.",Wegmans Food Markets,Salmonella,Other / unspecified,Cat,Class II,1,NY,Product may be contaminated with Salmonella.
91551,2023-01-23,2023-02-06,14,102,2023,Royal Canin USA Inc,Royal Canin,Labeling / undeclared / unapproved,Dry kibble,Cat,Class II,1,MO,Product is mislabeled and some bags may contain a different product.
91662,2023-02-08,2023-03-10,30,69,2023,Nestle Purina PetCare Co,Nestle Purina PetCare,Vitamin D excess,Dry kibble,Dog,Class I,1,MO,Prescription diet dry dog food may contain elevated levels of vitamin D.
91877,2023-03-09,2023-05-08,60,147,2023,"Stratford Care USA, Inc.",Stratford Care,Nutrient deficiency / excess,Supplements,Dog & cat,Class I,59,FL,Elevated levels of Vitamin A in animal food.
91881,2023-03-10,2023-04-18,39,45,2023,Nestle Purina PetCare Co,Nestle Purina PetCare,Vitamin D excess,Dry kibble,Dog,Class I,1,MO,Prescription diet dry dog food may contain elevated levels of vitamin D.
92330,2023-05-11,2023-06-05,25,,2023,Ark Naturals Company,Ark Naturals,Mold / spoilage,Treats & chews,Dog,Class II,2,FL,Potential mold.
92422,2023-05-30,2023-06-12,13,65,2023,"Cargill, Inc         Corporate Headquarters",Cargill Corporate Headquarters,Aflatoxin / mycotoxin,Dry kibble,Dog,Class II,1,MN,Elevated aflatoxin levels
92718,2023-07-14,2023-09-28,76,136,2023,What The Raw,What Raw,E. coli / other pathogen,Other / unspecified,Unspecified,Class I,1,OH,Uneviscerated whole dried sardines used in raw pet food. Potentially contaminated with Clostridium botulinum
92939,2023-08-07,2023-09-18,42,420,2023,Dechra Veterinary Products Inc,Dechra Veterinary Products,Labeling / undeclared / unapproved,Supplements,Dog,Class III,1,KS,Product may have been contaminated with packaging material from one of the raw materials during manufacturing.
93284,2023-10-20,2023-11-21,32,,2023,Texas Farm Products Company dba TFP Nutrition,Texas Farm Products,Salmonella,Dry kibble,Dog,Class I,1,TX,potential salmonella
93324,2023-10-27,2023-11-24,28,,2023,Lea-Way Farms Inc. dba Blue Ridge Beef,Lea-Way Farms,Salmonella,Raw / frozen / freeze-dried,Dog,Class I,1,NC,The firm was notified by the FDA that the product test positive for Salmonella.
93333,2023-10-30,2024-01-30,92,,2023,Mid America Pet Food LLC,Mid America Pet Food,Salmonella,Dry kibble,Dog,Class I,1,TX,Positive Salmonella sample
93445,2023-11-13,2024-01-23,71,476,2023,Texas Farm Products Company dba TFP Nutrition,Texas Farm Products,Salmonella,Treats & chews,Dog & cat,Class I,1,TX,Positive Salmonella Sample
93641,2023-12-15,2024-01-23,39,,2023,Lea-Way Farms Inc. dba Blue Ridge Beef,Lea-Way Farms,Salmonella,Raw / frozen / freeze-dried,Dog & cat,Class I,3,NC,The firm was notified by North Carolina Department of Agriculture and Consumer Services that the products tested positive for Salmonella and Listeria.
93699,2023-12-29,2024-01-30,32,201,2023,D & D Commodities Limited,D & D Commodities Limited,Salmonella,Dry kibble,Unspecified,Class I,1,CO,"Salmonella contamination via FDA test, sample 1233757"
93862,2024-01-23,2024-02-26,34,,2024,Viva Raw,Viva Raw,Salmonella,Raw / frozen / freeze-dried,Dog & cat,Class I,3,NC,FDA notified the firm that via our Adverse Event Reporting system that a positive test results for Listeria monocytogenes and Salmonella was found in the product.
94657,2024-05-17,2024-06-21,35,258,2024,MARS PETCARE U.S INC,Mars Petcare U S,Foreign material,Dry kibble,Dog,Class II,1,TN,Potential Metal Contamination
95340,2024-09-22,2024-10-21,29,137,2024,Lystn LLC,Lystn,Salmonella,Raw / frozen / freeze-dried,Dog,Class I,4,PA,Potential Salmonella Kentucky contamination
95555,2024-10-07,2024-11-20,44,,2024,"Carolina Prime Pet, Inc.",Carolina Prime Pet,Salmonella,Treats & chews,Dog,Class I,1,NC,Potential Salmonella contamination
95771,2024-11-14,2024-12-13,29,351,2024,"Ceva Animal Health, LLC",Ceva Animal Health,Mold / spoilage,Other / unspecified,Dog & cat,Class III,1,KS,CGMP violation.
95833,2024-11-15,2024-12-11,26,,2024,"Carolina Prime Pet, Inc.",Carolina Prime Pet,Salmonella,Treats & chews,Dog,Class I,1,NC,Potential Salmonella contamination
95879,2024-11-27,2024-12-19,22,121,2024,Lea-Way Farms Inc. dba Blue Ridge Beef,Lea-Way Farms,Salmonella,Raw / frozen / freeze-dried,Dog,Class I,1,NC,Possible Salmonella contamination
96016,2024-12-16,2025-01-26,41,60,2024,Smallbatch Pets LLC,Smallbatch Pets,Salmonella,Treats & chews,Dog,Class I,1,WA,Potential Salmonella contamination.
96096,2025-01-03,2025-02-12,40,77,2025,Lea-Way Farms Inc. dba Blue Ridge Beef,Lea-Way Farms,Salmonella,Dry kibble,Cat,Class I,1,NC,Possible Salmonella contamination
96213,2025-01-31,2025-02-19,19,54,2025,Lea-Way Farms Inc. dba Blue Ridge Beef,Lea-Way Farms,Salmonella,Raw / frozen / freeze-dried,Dog,Class I,1,NC,Potential Salmonella contamination.
96442,2025-02-17,2025-03-27,38,49,2025,"Petdine, LLC.",Petdine,Salmonella,Treats & chews,Unspecified,Class I,8,IL,Possible Salmonella contamination
96410,2025-03-01,2025-04-24,54,59,2025,Wild Coast LLC,Wild Coast,H5N1 avian influenza,Raw / frozen / freeze-dried,Cat,Class I,1,WA,Highly Pathogenic Avian Influenza (HPAI) contamination in raw cat food
96498,2025-03-07,2025-04-21,45,255,2025,"Ceva Animal Health, LLC",Ceva Animal Health,Mold / spoilage,Other / unspecified,Dog & cat,Class III,1,KS,CGMP violation - appearance.
96509,2025-03-14,2025-05-06,53,59,2025,PREDATOR PET INC DBA SAVAGE PET,Predator Pet,H5N1 avian influenza,Raw / frozen / freeze-dried,Cat,Class I,1,CA,Highly Pathogenic Avian Influenza (HPAI) contamination in raw cat food.
96610,2025-03-28,2025-05-02,35,152,2025,SUPERCAN BULLY STICKS LLC,Supercan Bully Sticks,Salmonella,Treats & chews,Unspecified,Class I,1,FL,Potential Salmonella contamination.
96687,2025-04-11,2025-05-01,20,32,2025,Lea-Way Farms Inc. dba Blue Ridge Beef,Lea-Way Farms,Salmonella,Dry kibble,Dog & cat,Class I,2,NC,Possible contamination with Salmonella and Listeria monocytogenes
97494,2025-08-25,2025-10-01,37,80,2025,Viva Raw,Viva Raw,Salmonella,Dry kibble,Dog & cat,Class I,5,NC,Potential Salmonella contamination.
97658,2025-09-19,2025-10-28,39,83,2025,Arrow Reliance Inc,Arrow Reliance,Salmonella,Raw / frozen / freeze-dried,Dog,Class I,2,WA,Potential Listeria monocytogenes and Salmonella contamination
97743,2025-10-01,2025-10-21,20,205,2025,Best Buy Bones Inc.,Best Buy Bones,Salmonella,Treats & chews,Unspecified,Class I,1,MI,Potential Salmonella Contamination
97762,2025-10-03,2025-11-04,32,73,2025,"Glacial Freeze Dry, LLC",Glacial Freeze Dry,Salmonella,Raw / frozen / freeze-dried,Dog & cat,Class I,4,WI,Potential Salmonella contamination
97769,2025-10-10,2025-10-22,12,66,2025,"Raw Bistro, Inc.",Raw Bistro,Salmonella,Raw / frozen / freeze-dried,Dog,Class I,1,MN,Potential Salmonella contamination.
97982,2025-10-10,2025-12-21,72,154,2025,"Fromm Family Foods, LLC",Fromm Family Foods,Foreign material,Dry kibble,Dog,Class I,1,WI,Potential foreign material (plastic)
98221,2025-12-24,2026-01-20,27,62,2025,"Consumers Supply Distributing, LLC",Consumers Supply Distributing,Salmonella,Treats & chews,Dog,Class I,1,IA,Potential contamination with Salmonella
98224,2025-12-26,2026-01-14,19,,2025,GOLD STAR DISTRIBUTION INC,Gold Star Distribution,Mold / spoilage,Treats & chews,Unspecified,Class II,1,MN,Potential exposure of rodents and rodent activity in the distribution center.
98343,2026-01-26,2026-04-09,73,,2026,"Raaw Energy, LLC",Raaw Energy,Listeria,Dry kibble,Dog,Class I,5,NJ,"Product tested positive for positive for one or more types of pathogenic (harmful) bacteria, specifically: Listeria monocytogenes, Salmonella, Campylobacter jejuni. Chicken medley 2lb (Listeria monocytogenes, Salmonella, Campylobacter jejuni) Chicken medley 5lb Date code 11.22.25 (Listeria monocytogenes) Chicken medley 5lb Date code 12.12.25 (Listeria monocytogenes, Salmonella)"
98309,2026-01-27,2026-02-19,23,,2026,"Stratford Care USA, Inc.",Stratford Care,Labeling / undeclared / unapproved,Other / unspecified,Dog & cat,Class II,29,FL,"The product labeled as medicated wipes was found to contain a non-medicated otic flush due to a product mix-up that occurred at the manufacturing level. As a result, the product is misbranded and does not contain the labeled active ingredient."
98446,2026-02-13,2026-03-23,38,118,2026,"Go Raw, LLC DBA Steve's Real Food",Go Raw,Nutrient deficiency / excess,Raw / frozen / freeze-dried,Cat,Class I,2,UT,Inadequate levels of thiamine for cats.
98465,2026-02-18,2026-04-09,50,,2026,"Pretty Bird International, Inc",Pretty Bird International,Salmonella,Dry kibble,Dog,Class I,1,MN,Dog food tested presumptive Salmonella positive.
98474,2026-02-19,2026-03-19,28,55,2026,elite treats LLC,Elite Treats,Salmonella,Treats & chews,Dog,Class I,1,FL,Potential contamination with Salmonella
98645,2026-03-25,2026-04-09,15,156,2026,Farmina Pet Food USA  LLC,Farmina Pet Food,Labeling / undeclared / unapproved,Dry kibble,Dog,Class III,1,NC,Mislabeled Dog Food. The ingredient panel on the back list lamb while the front panel of the product list salmon.
98774,2026-04-15,2026-05-26,41,,2026,Revival Animal Health LLC,Revival Animal Health,Vitamin D excess,Supplements,Dog,Class I,2,IA,Milk Replacer may contain vitamin D levels higher or lower than labeled claim.
98912,2026-05-01,2026-06-12,42,126,2026,Hoosier Processing LLC,Hoosier Processing,Salmonella,Raw / frozen / freeze-dried,Dog,Class I,1,IN,Potential Salmonella contamination
98950,2026-05-11,2026-05-27,16,116,2026,Allprovide Pet Foods LLC,Allprovide Pet Foods,Foreign material,Raw / frozen / freeze-dried,Dog,Class II,1,GA,Potential foreign material (plastic) contamination.
98983,2026-05-13,2026-06-12,30,68,2026,Montgomery Meats,Montgomery Meats,Listeria,Raw / frozen / freeze-dried,Unspecified,Class I,3,IN,Potential Listeria monocytogenes contamination
99033,2026-05-19,2026-07-10,52,,2026,"Raaw Energy, LLC",Raaw Energy,Listeria,Raw / frozen / freeze-dried,Dog,Class I,2,NJ,Potential Listeria monocytogenes contamination
99206,2026-06-08,2026-07-02,24,67,2026,"Go Raw, LLC DBA Steve's Real Food",Go Raw,Nutrient deficiency / excess,Raw / frozen / freeze-dried,Cat,Class I,1,UT,Inadequate levels of thiamine for cats.
99212,2026-06-16,2026-07-15,29,80,2026,"Midwest Legacy Beef, L.L.C.",Midwest Legacy Beef,Salmonella,Raw / frozen / freeze-dried,Dog,Class I,1,IA,"Potential contamination with Salmonella, Listeria monocytogenes, and E. coli O8:H19"
99623,2026-08-10,2026-09-03,24,,2026,"Miller Foods, Inc.",Miller Foods,Salmonella,Raw / frozen / freeze-dried,Dog,Class I,1,CT,Potential Salmonella contamination
99714,2026-08-20,2026-09-22,33,,2026,A Place for Paws LLC,A Place For Paws,Salmonella,Treats & chews,Dog,Class I,1,OH,Product may be contaminated with Salmonella
99719,2026-08-21,2026-09-03,13,,2026,"Fromm Family Foods, LLC",Fromm Family Foods,Foreign material,Wet / canned,Dog,Class I,2,WI,Potential foreign material (metal) contamination.
99743,2026-08-21,2026-09-24,34,,2026,Revival Animal Health LLC,Revival Animal Health,Nutrient deficiency / excess,Dry kibble,Cat,Class I,1,IA,"Product may contain low levels of potassium, copper, folic acid, choline and/or pyridoxine (vitamin B6)."
99786,2026-08-28,2026-09-22,25,,2026,Morasch Meats Inc,Morasch Meats,Salmonella,Raw / frozen / freeze-dried,Dog & cat,Class I,2,OR,Product may be contaminated with Salmonella
