Product Type,Recently Updated Record,Last Modified Date,Event ID,Status,Recalling Firm,Address1,Address2,City,State/Province,Postal Code,Country,Voluntary/Mandated,Initial Firm Notification of Consignee or Public,Distribution Pattern,Recall Number,Classification,Product Description,Product Quantity,Reason for Recall,Recall Initiation Date,Center Classification Date,Termination Date,Report Date,Code Info
"Veterinary","No","","29607","Ongoing","Virbac AH, Inc","3200 Meacham Blvd","N/A","Fort Worth","Texas","	76137-4611","United States","N/A","N/A","Product was distributed to 23 customers in the following states: IL, TX, NY, TN, GA, NV, VA, MN, WA, PR, IA, IN, WI, CA, NE, PA, FL, and MO","V-163-4","Class III","Epi-Otic Ear Cleanser for dogs, cats, puppies, and kittens.  Cleansing, drying, non-irritating.","22,824 units","Bottles labeled at Sebolux Medicated Shampoo for dogs and cats contain EPI-Otic Ear Cleanser for Dogs, Cats, Puppies, and kittens.","07/15/2004","N/A","N/A","","N/A"
"Veterinary","No","","37940","Terminated","Menu Foods Midwest Corp","1400 E Logan Ave","PO Box 1046","Emporia","KS","	66801-6822","United States","N/A","N/A","Affected product was distributed throughout the United States and to consignees in Mexico and Canada.","V-155-2007","Class III","NUTRO NATURAL CHOICE   DISTRIBUTED BY NUTRO PRODUCTS, INC., CITY OF INDUSTRY, CA:  Tuna & Chicken Formula Kitten Food packed in 3 oz cans, UPC 7910535204, with Best By/Date Codes:  Dec/06/09 to Jan/24/10","Approximately 464,565 cases of pet food were distributed","Menu Foods is recalling cuts and gravy style and select other products which do not include ChemNutra wheat gluten but were manufactured at any of Menu Foods' plants during the period that ChemNutra wheat gluten was used due to the possibility of cross-contamination. Menu Foods has received a report from a customer and has received study results, both of which indicate cross-contamination.","05/02/2007","N/A","04/10/2012","","N/A"
"Veterinary","No","","37940","Terminated","Menu Foods Midwest Corp","1400 E Logan Ave","PO Box 1046","Emporia","KS","	66801-6822","United States","N/A","N/A","Affected product was distributed throughout the United States and to consignees in Mexico and Canada.","V-156-2007","Class III","NUTRO NATURAL CHOICE   DISTRIBUTED BY NUTRO PRODUCTS, INC., CITY OF INDUSTRY, CA:  Beef & Chicken Formula Kitten Food packed in 3 oz cans, UPC 7910535203, with Best By/Date Codes:  Dec/06/09 to Jan/24/10","Approximately 464,565 cases of pet food were distributed","Menu Foods is recalling cuts and gravy style and select other products which do not include ChemNutra wheat gluten but were manufactured at any of Menu Foods' plants during the period that ChemNutra wheat gluten was used due to the possibility of cross-contamination. Menu Foods has received a report from a customer and has received study results, both of which indicate cross-contamination.","05/02/2007","N/A","04/10/2012","","N/A"
"Veterinary","No","","37940","Terminated","Menu Foods Midwest Corp","1400 E Logan Ave","PO Box 1046","Emporia","KS","	66801-6822","United States","N/A","N/A","Affected product was distributed throughout the United States and to consignees in Mexico and Canada.","V-157-2007","Class III","NUTRO MAX CAT   DISTRIBUTED BY NUTRO PRODUCTS, INC., CITY OF INDUSTRY, CA:  Chicken & Ocean fish Formula Kitten Food packed in 3 oz cans, UPC 7910538101, with Best By/Date Codes:  Dec/06/09 to Jan/24/10","Approximately 464,565 cases of pet food were distributed","Menu Foods is recalling cuts and gravy style and select other products which do not include ChemNutra wheat gluten but were manufactured at any of Menu Foods' plants during the period that ChemNutra wheat gluten was used due to the possibility of cross-contamination. Menu Foods has received a report from a customer and has received study results, both of which indicate cross-contamination.","05/02/2007","N/A","04/10/2012","","N/A"
"Veterinary","No","","57336","Terminated","First Priority, Inc.","1590 Todd Farm Dr","N/A","Elgin","IL","	60123-1287","United States","N/A","N/A","Alabama, Illinois, Missouri, New Jersey,  North Carolina, Ohio, Puerto Rico and Texas.","V-111-2011","Class III","Priority Care Piperazine Paste Feline Anthelmintic; Piperazine (from Adipate) 800 mg (20%); Net Contents: 4 grams (0.14 oz) pre-filled syringe; an OTC oral grilled tuna flavored piperazine adipate paste wormer for kittens and adult cats; for animal use only, Keep Out of Reach of Children; Manufactured By: First Priority, Inc., Elgin, IL 60123; Reorder No. OM120PC, NDC 58829-341-04, UPC 3 62308 34104 0;     The cat wormer was packaged under the following private labels:   a) Worm Protector Piperazine Paste-Feline Anthelmintic; Trade Winds, St. Joseph, MO; Reorder No. OM120TW, NDC 64750-341-04, UPC 3 56561 00204 3;   b) WormEze Paste Feline Anthelmintic; Manufactured for: Peak Marketing, Blue Springs, Missouri 64014; Reorder No. OM120DU, NDC 16579-924-88, UPC 7 45801 10541 6;   c) Happy Jack Kitty Kat Paste Feline Anthelmintic Paste; Happy Jack, Inc., Snow Hill, NC 28580; Reorder No. OM120HJ, UPC 0 23851 01055 4;   d) Hartz Ultra Guard Rid Worm Paste for Cats and Kittens; Manufactured for The Hartz Mountain Corporation, 400 Plaza Drive, Secaucus, NJ 07094; Reorder No. OM120HM, NDC 032700-721, UPC 0 32700 01134 5;   e) Worm Free Feline Anthelmintic; Manufactured for: First Companion Veterinary Products, Westlake, TX 76262; Reorder No. OM120RXFC, NDC 64556-341-04, UPC 7 54629 50717 3;   ","1,049,106 syringes","Both the canine and feline piperazine products failed post market stability testing due to high viscosity results, and in the case of the canine product, also out of specification high assay results.","11/24/2010","N/A","10/19/2011","","N/A"





